feature,area,priority,original,clone,notes
Fixed blurred header with hairline border and pill nav,S01 header,must,yes,yes,backdrop blur 20px; border shows on load and strengthens on scroll
Primary CTA as a light pill in the header,S01 header,must,yes,yes,
Mobile header with menu button,S01 header,must,yes,yes,full-height sheet menu with aria-expanded
Left-aligned two-line display headline,S02 hero,must,yes,yes,64/64 desktop; 44/48 mobile
Subline left with a news link right on one baseline,S02 hero,must,yes,yes,
Large product UI mock built in the page (not an image),S02 hero,must,yes,yes,HTML/CSS app: sidebar + shot page + Director panel
Assistant/agent panel floating over the app mock,S02 hero,should,yes,yes,Director panel with typing and live queue
Light/glow under the hero frame,S02 hero,should,yes,yes,ember glow scrubbed with scroll
Customer wordmark row with mono caption,S03 logos,must,yes,yes,fictional studios; slow marquee instead of static row
Two-tone statement paragraph at h2 size,S04 statement,must,yes,yes,words light up as you scroll
Three principles with line-art figures and mono labels,S05 principles,must,yes,yes,own SVG figures; draw-in on reveal
Chapter head: h2 left and lede right on a 2-col split,S06-S08 chapters,must,yes,yes,
Learn-more text link with arrow under each lede,S06-S08 chapters,must,yes,yes,own wording per chapter
Product mock per chapter with faded edges,S06-S08 chapters,must,yes,yes,board / compare / review mocks
Features label with 2-col plus-icon link list and divider,S06-S08 chapters,must,yes,yes,
Full-bleed hairline between chapters,S06-S08 chapters,must,yes,yes,
Bento/feature grid,S09 bento,should,no,yes,added: not on the original homepage
Changelog with horizontal timeline and dots,S10 changelog,must,yes,yes,latest dot in accent with ping
Mono dates on changelog entries,S10 changelog,should,yes,yes,
Two large testimonial cards with coloured backgrounds,S11 voices,must,yes,yes,warm peach + ember; fictional people
Stat line with a stories link,S11 voices,should,yes,yes,count-up number
Centered two-line closing headline with two pill buttons,S12 CTA,must,yes,yes,
Footer: mark + five link columns + legal row,S13 footer,must,yes,yes,plus a fictional-product note
Hover and focus states on every link and button,global,must,yes,yes,2px accent focus ring
Scroll reveals (fade + rise + blur),global,should,yes,yes,IntersectionObserver; works without GSAP
prefers-reduced-motion respected,global,must,yes,yes,
Code-diff product mock section,S09 build chapter,could,yes,skip,software-team specific; not relevant to a video product
Customer logos as real brand marks,S03 logos,could,yes,skip,real marks belong to those companies
